date,sessions,users,purchasing_sessions,orders,revenue_usd,search_sessions,product_view_sessions,basket_sessions,checkout_sessions,checkout_completed,sessions_missing_start,purchase_events,purchases_missing_id,empty_purchase_events,repeat_purchase_events,orders_without_id,calendar_label,conversion,checkout_completion,search_share,journey_tracked
2020-11-01,2625,2365,13,14,773,109,537,1,95,13,31,14,14,0,0,14,,0.00495238,0.136842,0.0415238,False
2020-11-02,3726,3259,40,49,4789,128,821,0,130,40,44,49,49,0,0,49,,0.0107354,0.307692,0.0343532,False
2020-11-03,5347,4641,48,51,3497,167,1010,0,144,48,66,49,49,0,0,49,,0.008977,0.333333,0.0312325,False
2020-11-04,4325,3720,28,44,2013,163,879,0,118,28,45,46,46,0,0,46,,0.00647399,0.237288,0.0376879,False
2020-11-05,3840,3268,26,26,1792,162,878,0,127,26,46,26,26,0,0,26,,0.00677083,0.204724,0.0421875,False
2020-11-06,3319,2806,48,58,3438,149,852,0,154,48,55,58,58,0,0,58,,0.0144622,0.311688,0.044893,False
2020-11-07,2271,2001,28,31,2531,122,589,0,111,28,32,31,31,0,0,31,,0.0123294,0.252252,0.0537208,False
2020-11-08,2163,1913,31,32,3760,105,498,0,100,31,31,32,32,0,0,32,,0.0143319,0.31,0.0485437,False
2020-11-09,3271,2796,43,53,2181,165,789,0,135,43,44,52,52,0,0,52,,0.0131458,0.318519,0.0504433,False
2020-11-10,3824,3252,62,62,4014,159,951,0,173,62,43,64,64,1,0,63,,0.0162134,0.358382,0.0415795,False
2020-11-11,3809,3288,62,63,4428,167,943,0,163,62,45,64,36,1,0,35,,0.0162772,0.380368,0.0438435,False
2020-11-12,3693,3174,51,54,3349,182,947,0,169,51,62,54,1,0,0,1,,0.0138099,0.301775,0.0492824,False
2020-11-13,3338,2856,69,78,5750,170,854,0,186,69,39,79,0,0,1,0,,0.0206711,0.370968,0.0509287,False
2020-11-14,2360,2071,29,30,2338,154,585,0,106,29,26,30,0,0,0,0,,0.0122881,0.273585,0.0652542,False
2020-11-15,2213,1957,23,23,1553,102,497,0,110,23,23,21,0,0,0,0,,0.0103931,0.209091,0.0460913,False
2020-11-16,3532,3077,67,67,4976,153,875,35,165,67,37,69,0,0,0,0,,0.0189694,0.406061,0.0433182,False
2020-11-17,4063,3438,85,98,6227,176,1078,247,200,85,52,98,0,0,0,0,,0.0209205,0.425,0.0433177,False
2020-11-18,4126,3500,49,58,4153,184,1028,207,159,49,34,68,1,1,9,0,,0.0118759,0.308176,0.0445952,False
2020-11-19,4189,3559,42,44,3373,190,1063,39,127,42,39,84,5,5,38,0,,0.0100263,0.330709,0.0453569,False
2020-11-20,4127,3467,50,51,4087,213,1094,3,161,50,44,118,12,12,53,0,,0.0121153,0.310559,0.0516113,False
2020-11-21,3190,2748,32,32,2019,174,814,0,125,32,39,68,2,2,33,0,,0.0100313,0.256,0.0545455,False
2020-11-22,2687,2357,27,29,1714,159,670,0,109,27,37,60,2,2,29,0,,0.0100484,0.247706,0.0591738,False
2020-11-23,3960,3415,61,71,4432,157,952,0,172,61,46,141,3,3,69,0,,0.015404,0.354651,0.0396465,False
2020-11-24,4422,3805,95,106,7325,226,1129,0,210,95,253,147,2,2,39,0,,0.0214835,0.452381,0.0511081,False
2020-11-25,4604,3979,82,95,7647,196,1189,80,225,82,312,108,5,5,8,0,,0.0178106,0.364444,0.0425717,False
2020-11-26,4177,3618,53,54,4449,186,896,287,191,53,119,57,3,3,0,0,Thanksgiving (US),0.0126885,0.277487,0.0445296,True
2020-11-27,3977,3507,85,89,6263,193,874,328,194,85,49,97,4,4,3,0,Black Friday,0.0213729,0.438144,0.048529,True
2020-11-28,3387,3002,66,69,6092,173,755,281,159,66,42,78,8,8,0,0,,0.0194863,0.415094,0.0510776,True
2020-11-29,3253,2881,47,50,3938,175,708,267,127,47,47,51,2,2,0,0,,0.0144482,0.370079,0.0537965,True
2020-11-30,4583,3966,122,134,11910,223,1191,427,241,122,69,141,5,5,2,0,Cyber Monday,0.0266201,0.506224,0.0486581,True
2020-12-01,4983,4293,89,95,6173,205,1263,461,231,89,71,107,10,10,1,0,,0.0178607,0.385281,0.0411399,True
2020-12-02,4801,4095,72,78,5161,205,1210,392,209,72,42,82,4,4,1,0,,0.0149969,0.344498,0.0426994,True
2020-12-03,5182,4452,83,86,4284,253,1344,403,228,83,42,90,3,3,1,0,,0.016017,0.364035,0.0488228,True
2020-12-04,4714,4123,83,92,6449,219,1186,383,198,83,39,96,3,3,1,0,,0.0176071,0.419192,0.0464574,True
2020-12-05,3498,3072,74,83,6250,153,822,295,172,74,36,87,2,2,1,0,,0.0211549,0.430233,0.0437393,True
2020-12-06,3327,2941,40,42,2498,170,766,258,140,40,25,42,1,1,0,0,,0.0120228,0.285714,0.0510971,True
2020-12-07,5451,4702,90,107,8735,227,1216,371,204,90,42,110,4,4,2,0,,0.0165107,0.441176,0.0416437,True
2020-12-08,7562,6673,106,116,8197,286,1443,467,266,106,40,122,1,1,1,0,,0.0140175,0.398496,0.0378207,True
2020-12-09,6282,5525,128,143,10621,264,1269,424,258,128,75,150,5,5,4,0,,0.0203757,0.496124,0.0420248,True
2020-12-10,5993,5230,125,138,10835,251,1413,456,267,125,235,143,6,6,1,0,,0.0208577,0.468165,0.0418822,True
2020-12-11,5607,4943,141,151,10129,231,1281,429,260,141,131,160,5,5,0,0,,0.0251471,0.542308,0.0411985,True
2020-12-12,4135,3744,94,101,6284,219,880,313,192,94,48,106,5,5,0,0,,0.0227328,0.489583,0.0529625,True
2020-12-13,3699,3394,58,69,4421,209,719,256,135,58,33,74,6,6,0,0,,0.0156799,0.42963,0.0565018,True
2020-12-14,5098,4545,81,92,8471,226,1065,379,187,81,50,99,5,5,2,0,,0.0158886,0.433155,0.0443311,True
2020-12-15,5741,4983,113,133,10152,222,1244,407,193,113,63,139,6,6,1,0,,0.019683,0.585492,0.0386692,True
2020-12-16,5528,4811,115,140,10847,223,1183,334,183,115,43,143,0,0,1,0,,0.0208032,0.628415,0.0403401,True
2020-12-17,5345,4705,92,125,6783,227,1250,342,157,92,63,126,1,1,2,0,,0.0172123,0.585987,0.0424696,True
2020-12-18,4824,4248,78,105,6726,211,1057,320,153,78,42,107,1,1,1,0,,0.0161692,0.509804,0.0437396,True
2020-12-19,3587,3229,37,48,2444,196,724,184,90,37,29,52,1,1,1,0,,0.010315,0.411111,0.0546418,True
2020-12-20,3288,2963,18,19,1399,145,556,127,52,18,41,20,1,1,0,0,,0.00547445,0.346154,0.0440998,True
2020-12-21,4006,3618,49,52,3506,156,820,201,89,49,56,53,2,2,1,0,,0.0122317,0.550562,0.0389416,True
2020-12-22,3838,3399,52,54,2948,179,910,219,96,52,47,60,3,3,1,0,,0.0135487,0.541667,0.0466389,True
2020-12-23,3443,3119,53,67,4418,140,726,209,92,53,37,67,0,0,0,0,,0.0153936,0.576087,0.0406622,True
2020-12-24,2798,2595,21,22,1192,138,477,101,39,21,25,23,1,1,0,0,,0.00750536,0.538462,0.0493209,True
2020-12-25,2645,2489,16,16,552,112,361,81,36,16,22,17,1,1,0,0,Christmas Day,0.00604915,0.444444,0.042344,True
2020-12-26,2676,2471,15,15,725,104,409,75,25,15,25,17,1,1,1,0,,0.00560538,0.6,0.038864,True
2020-12-27,2677,2491,20,20,1161,117,412,99,39,20,31,20,0,0,0,0,,0.00747105,0.512821,0.0437056,True
2020-12-28,3356,3042,32,35,2068,115,538,129,48,32,27,36,1,1,1,0,,0.00953516,0.666667,0.034267,True
2020-12-29,3435,3121,21,23,1368,119,531,127,42,21,35,24,0,0,0,0,,0.00611354,0.5,0.0346434,True
2020-12-30,3213,2953,19,21,1582,131,513,113,38,19,31,37,15,15,1,0,,0.00591348,0.5,0.0407719,True
2020-12-31,2619,2435,22,24,2577,117,383,94,43,22,32,25,0,0,1,0,,0.00840015,0.511628,0.0446735,True
2021-01-01,2308,2157,12,13,961,101,321,68,26,12,19,14,0,0,1,0,New Year's Day,0.00519931,0.461538,0.0437608,True
2021-01-02,2728,2577,13,13,1026,115,405,65,32,13,23,14,1,1,0,0,,0.0047654,0.40625,0.0421554,True
2021-01-03,2785,2574,14,14,653,106,420,59,32,14,32,14,1,1,0,0,,0.00502693,0.4375,0.038061,True
2021-01-04,3367,3076,15,15,733,162,525,101,30,15,50,16,0,0,0,0,,0.004455,0.5,0.048114,True
2021-01-05,4485,4094,27,28,1143,183,701,152,54,27,75,29,1,1,1,0,,0.00602007,0.5,0.0408027,True
2021-01-06,5995,5479,27,30,1976,214,802,183,65,27,44,31,0,0,0,0,,0.00450375,0.415385,0.0356964,True
2021-01-07,4660,4167,23,24,1480,171,768,175,62,23,53,26,3,3,0,0,,0.00493562,0.370968,0.0366953,True
2021-01-08,4262,3800,30,30,1671,182,671,156,62,30,45,34,3,3,0,0,,0.00703895,0.483871,0.042703,True
2021-01-09,3258,2953,17,19,1363,147,520,109,39,17,19,20,1,1,0,0,,0.00521793,0.435897,0.0451197,True
2021-01-10,3002,2771,15,15,1012,136,449,84,33,15,28,14,0,0,0,0,,0.00499667,0.454545,0.0453031,True
2021-01-11,3953,3602,25,25,1388,146,683,161,56,25,38,28,1,1,1,0,,0.00632431,0.446429,0.036934,True
2021-01-12,4721,4187,41,46,2547,184,846,170,79,41,44,48,2,2,0,0,,0.0086846,0.518987,0.0389748,True
2021-01-13,4570,4126,33,34,1858,191,772,179,85,33,93,36,2,2,0,0,,0.00722101,0.388235,0.0417943,True
2021-01-14,4363,3901,43,48,3191,185,846,203,83,43,42,54,5,5,1,0,,0.0098556,0.518072,0.042402,True
2021-01-15,3935,3549,33,42,2071,175,716,166,70,33,42,47,5,5,0,0,,0.00838628,0.471429,0.0444727,True
2021-01-16,3177,2889,21,23,1406,150,532,120,51,21,31,27,3,3,1,0,,0.00661001,0.411765,0.0472144,True
2021-01-17,2988,2713,12,12,481,146,455,90,35,12,28,14,2,2,0,0,,0.00401606,0.342857,0.0488621,True
2021-01-18,3610,3221,17,17,1182,152,517,112,47,17,49,19,1,1,1,0,,0.00470914,0.361702,0.0421053,True
2021-01-19,4187,3710,44,45,3756,172,838,179,85,44,41,49,4,4,0,0,,0.0105087,0.517647,0.0410795,True
2021-01-20,4805,4216,83,84,6765,209,1193,243,143,83,78,96,12,12,1,0,,0.0172737,0.58042,0.0434964,True
2021-01-21,4687,4191,48,51,4225,191,1409,218,107,48,48,52,2,2,0,0,,0.0102411,0.448598,0.040751,True
2021-01-22,4089,3597,83,92,5482,206,1147,214,155,83,58,100,7,7,2,0,,0.0202984,0.535484,0.0503791,True
2021-01-23,3132,2817,39,39,2600,144,739,128,78,39,44,43,2,2,0,0,,0.0124521,0.5,0.045977,True
2021-01-24,2968,2692,33,38,2732,136,641,114,69,33,40,36,2,2,0,0,,0.0111186,0.478261,0.0458221,True
2021-01-25,3906,3498,49,50,3027,172,944,148,84,49,44,61,8,8,0,0,,0.0125448,0.583333,0.0440348,True
2021-01-26,4089,3579,20,20,1217,156,963,143,87,20,41,55,33,33,0,0,,0.00489117,0.229885,0.0381511,True
2021-01-27,4599,4015,12,12,457,196,1191,235,120,12,328,54,42,42,0,0,,0.00260926,0.1,0.042618,True
2021-01-28,4216,3728,5,5,128,146,1031,189,89,5,160,69,64,64,0,0,,0.00118596,0.0561798,0.03463,True
2021-01-29,3791,3381,6,6,190,145,884,161,93,6,50,54,48,48,0,0,,0.0015827,0.0645161,0.0382485,True
2021-01-30,2900,2605,5,5,159,132,605,109,51,5,93,31,26,26,0,0,,0.00172414,0.0980392,0.0455172,True
2021-01-31,2841,2539,0,0,0,116,569,103,56,0,83,19,19,19,0,0,,0,0,0.0408307,True
