date,sessions,view_item,add_to_cart,begin_checkout,add_shipping_info,add_payment_info,purchase,view_search_results,purchases_with_id,checkouts_with_items,view_item_per_100_sessions,add_to_cart_per_100_sessions,begin_checkout_per_100_sessions,add_shipping_info_per_100_sessions,add_payment_info_per_100_sessions,purchase_per_100_sessions,view_search_results_per_100_sessions,all_journey_events_tracked,in_journey_window
2020-11-01,2625,3380,4,127,127,73,14,194,0,0,128.762,0.152381,4.8381,4.8381,2.78095,0.533333,7.39048,False,False
2020-11-02,3726,4935,0,219,219,138,49,195,0,0,132.448,0,5.87762,5.87762,3.7037,1.31508,5.23349,False,False
2020-11-03,5347,5790,0,233,233,168,49,254,0,0,108.285,0,4.35758,4.35758,3.14195,0.916402,4.75033,False,False
2020-11-04,4325,5063,0,218,218,125,46,245,0,0,117.064,0,5.04046,5.04046,2.89017,1.06358,5.66474,False,False
2020-11-05,3840,5255,0,195,195,95,26,306,0,0,136.849,0,5.07812,5.07812,2.47396,0.677083,7.96875,False,False
2020-11-06,3319,5370,0,269,269,189,58,270,0,0,161.796,0,8.10485,8.10485,5.69449,1.74751,8.13498,False,False
2020-11-07,2271,3953,0,150,148,89,31,229,0,0,174.064,0,6.60502,6.51695,3.91898,1.36504,10.0837,False,False
2020-11-08,2163,3166,0,132,132,75,32,202,0,0,146.371,0,6.10264,6.10264,3.46741,1.47943,9.33888,False,False
2020-11-09,3271,4429,0,211,211,145,52,336,0,0,135.402,0,6.45063,6.45063,4.4329,1.58973,10.2721,False,False
2020-11-10,3824,5222,0,266,266,207,64,239,0,0,136.559,0,6.95607,6.95607,5.41318,1.67364,6.25,False,False
2020-11-11,3809,5322,0,248,248,193,64,303,28,0,139.722,0,6.5109,6.5109,5.06695,1.68023,7.95484,False,False
2020-11-12,3693,4925,0,355,287,216,54,361,53,0,133.36,0,9.61278,7.77146,5.8489,1.46223,9.77525,False,False
2020-11-13,3338,5281,0,605,327,242,79,300,79,0,158.209,0,18.1246,9.79629,7.24985,2.36669,8.98742,False,False
2020-11-14,2360,3509,0,320,160,100,30,312,30,0,148.686,0,13.5593,6.77966,4.23729,1.27119,13.2203,False,False
2020-11-15,2213,3212,0,324,162,95,21,167,21,0,145.142,0,14.6408,7.32038,4.29282,0.948938,7.54632,False,False
2020-11-16,3532,4836,85,542,271,235,69,230,69,0,136.92,2.40657,15.3454,7.67271,6.65345,1.95357,6.51189,False,False
2020-11-17,4063,6077,535,693,364,290,98,312,98,0,149.569,13.1676,17.0564,8.9589,7.13758,2.41201,7.67905,True,False
2020-11-18,4126,5338,621,354,282,216,68,377,67,0,129.375,15.0509,8.57974,6.83471,5.23509,1.64809,9.13718,True,False
2020-11-19,4189,5154,187,335,207,142,84,384,79,0,123.037,4.46407,7.99714,4.94151,3.38983,2.00525,9.16687,True,False
2020-11-20,4127,6082,15,318,240,143,118,430,106,0,147.371,0.36346,7.70535,5.81536,3.46499,2.85922,10.4192,True,False
2020-11-21,3190,4214,0,174,173,80,68,307,66,0,132.1,0,5.45455,5.4232,2.50784,2.13166,9.62382,False,False
2020-11-22,2687,3737,0,166,166,79,60,299,58,0,139.077,0,6.17789,6.17789,2.94008,2.23297,11.1277,False,False
2020-11-23,3960,5070,0,277,277,164,141,268,138,49,128.03,0,6.99495,6.99495,4.14141,3.56061,6.76768,False,False
2020-11-24,4422,6624,0,366,365,264,147,396,145,337,149.796,0,8.2768,8.25418,5.97015,3.32429,8.95522,False,False
2020-11-25,4604,6700,297,387,387,284,108,342,103,368,145.526,6.45091,8.40573,8.40573,6.16855,2.34579,7.42832,False,False
2020-11-26,4177,5114,1047,321,321,170,57,305,54,312,122.432,25.0658,7.68494,7.68494,4.06991,1.36462,7.30189,True,True
2020-11-27,3977,5216,1229,300,300,213,97,335,93,292,131.154,30.9027,7.54337,7.54337,5.3558,2.43902,8.42343,True,True
2020-11-28,3387,4438,1076,245,245,175,78,284,70,234,131.03,31.7685,7.23354,7.23354,5.16681,2.30292,8.385,True,True
2020-11-29,3253,4095,811,246,201,152,51,304,49,238,125.884,24.9308,7.56225,6.17891,4.67261,1.56778,9.34522,True,True
2020-11-30,4583,7132,1767,950,491,368,141,395,136,950,155.619,38.5555,20.7288,10.7135,8.02967,3.07659,8.61881,True,True
2020-12-01,4983,6976,1653,732,379,270,107,339,97,732,139.996,33.1728,14.6899,7.60586,5.41842,2.1473,6.80313,True,True
2020-12-02,4801,6441,1464,768,390,253,82,325,78,768,134.16,30.4936,15.9967,8.12331,5.26974,1.70798,6.76942,True,True
2020-12-03,5182,7075,1286,775,392,242,90,434,87,775,136.53,24.8167,14.9556,7.56465,4.67001,1.73678,8.37514,True,True
2020-12-04,4714,7349,1561,733,372,249,96,419,93,733,155.897,33.1141,15.5494,7.89139,5.28214,2.03649,8.88842,True,True
2020-12-05,3498,4952,1063,591,298,197,87,272,85,591,141.567,30.3888,16.8954,8.51915,5.63179,2.48714,7.77587,True,True
2020-12-06,3327,4043,791,434,219,111,42,305,41,434,121.521,23.7752,13.0448,6.58251,3.33634,1.2624,9.16742,True,True
2020-12-07,5451,6872,1127,716,362,264,110,407,106,716,126.069,20.6751,13.1352,6.64098,4.84315,2.01798,7.46652,True,True
2020-12-08,7562,7896,1775,990,501,355,122,519,121,990,104.417,23.4726,13.0918,6.62523,4.69453,1.61333,6.86326,True,True
2020-12-09,6282,7801,1787,1016,512,389,150,433,145,1016,124.18,28.4464,16.1732,8.15027,6.1923,2.38777,6.89271,True,True
2020-12-10,5993,8108,1739,983,498,376,143,399,137,983,135.291,29.0172,16.4025,8.30969,6.27399,2.38612,6.65777,True,True
2020-12-11,5607,7926,2135,933,472,336,160,378,155,933,141.359,38.0774,16.6399,8.41805,5.99251,2.85358,6.74157,True,True
2020-12-12,4135,5674,1381,647,329,234,106,373,101,647,137.219,33.3978,15.6469,7.95647,5.65901,2.56348,9.02056,True,True
2020-12-13,3699,4516,940,423,217,153,74,365,68,423,122.087,25.4123,11.4355,5.86645,4.13625,2.00054,9.86753,True,True
2020-12-14,5098,6684,1528,725,372,246,99,359,94,725,131.11,29.9725,14.2213,7.29698,4.82542,1.94194,7.04198,True,True
2020-12-15,5741,7348,1943,825,416,345,139,375,133,825,127.992,33.8443,14.3703,7.24612,6.00941,2.42118,6.53196,True,True
2020-12-16,5528,6432,1710,833,417,375,143,330,143,833,116.353,30.9334,15.0687,7.54342,6.78365,2.58683,5.96961,True,True
2020-12-17,5345,6142,1648,745,336,276,126,343,125,745,114.911,30.8326,13.9383,6.28625,5.1637,2.35734,6.41721,True,True
2020-12-18,4824,5374,1629,938,324,236,107,399,106,938,111.401,33.7687,19.4444,6.71642,4.89221,2.21808,8.27114,True,True
2020-12-19,3587,3113,776,526,177,115,52,313,51,526,86.7856,21.6337,14.6641,4.93449,3.20602,1.44968,8.72595,True,True
2020-12-20,3288,2389,535,375,127,62,20,242,19,375,72.6582,16.2713,11.4051,3.86253,1.88564,0.608273,7.3601,True,True
2020-12-21,4006,3542,841,534,180,112,53,244,51,534,88.4174,20.9935,13.33,4.49326,2.79581,1.32302,6.09086,True,True
2020-12-22,3838,4286,1103,546,183,126,60,263,57,546,111.673,28.7389,14.2262,4.76811,3.28296,1.56331,6.85253,True,True
2020-12-23,3443,3750,1116,589,197,155,67,215,67,589,108.917,32.4136,17.1072,5.72175,4.50189,1.94598,6.24455,True,True
2020-12-24,2798,2271,483,188,63,47,23,209,22,188,81.1651,17.2623,6.71909,2.25161,1.67977,0.822016,7.46962,True,True
2020-12-25,2645,1639,462,202,68,47,17,162,16,202,61.966,17.4669,7.63705,2.57089,1.77694,0.642722,6.12476,True,True
2020-12-26,2676,1730,338,143,48,40,17,148,16,143,64.6487,12.6308,5.3438,1.79372,1.49477,0.635277,5.53064,True,True
2020-12-27,2677,1681,500,211,71,52,20,168,20,211,62.7942,18.6776,7.88196,2.65222,1.94247,0.747105,6.27568,True,True
2020-12-28,3356,2638,633,302,101,81,36,189,35,302,78.6055,18.8617,8.99881,3.00954,2.41359,1.07271,5.6317,True,True
2020-12-29,3435,2308,556,239,80,67,24,173,24,239,67.1907,16.1863,6.95779,2.32897,1.95051,0.69869,5.03639,True,True
2020-12-30,3213,1863,400,263,93,62,37,205,22,263,57.9832,12.4494,8.1855,2.89449,1.92966,1.15157,6.38033,True,True
2020-12-31,2619,1639,444,252,84,60,25,171,25,252,62.5811,16.953,9.62199,3.20733,2.29095,0.954563,6.52921,True,True
2021-01-01,2308,1498,295,162,54,33,14,149,14,162,64.9047,12.7816,7.01906,2.33969,1.42981,0.606586,6.45581,True,True
2021-01-02,2728,1390,304,140,48,28,14,162,13,140,50.9531,11.1437,5.13196,1.75953,1.02639,0.513196,5.93842,True,True
2021-01-03,2785,1615,229,151,51,33,14,143,13,151,57.9892,8.22262,5.4219,1.83124,1.18492,0.502693,5.13465,True,True
2021-01-04,3367,1983,396,183,61,50,16,259,16,183,58.8952,11.7612,5.43511,1.8117,1.485,0.4752,7.69231,True,True
2021-01-05,4485,2715,538,260,88,58,29,285,28,260,60.5351,11.9955,5.7971,1.9621,1.2932,0.6466,6.35452,True,True
2021-01-06,5995,3144,656,348,116,93,31,319,31,348,52.4437,10.9425,5.80484,1.93495,1.55129,0.517098,5.3211,True,True
2021-01-07,4660,2798,594,373,127,67,26,232,23,373,60.0429,12.7468,8.00429,2.72532,1.43777,0.55794,4.97854,True,True
2021-01-08,4262,2660,498,308,105,81,34,268,31,308,62.412,11.6847,7.22665,2.46363,1.90052,0.797748,6.28813,True,True
2021-01-09,3258,2130,462,173,58,42,20,292,19,173,65.3775,14.1805,5.31001,1.78023,1.28913,0.613874,8.96255,True,True
2021-01-10,3002,1778,310,173,58,44,14,216,14,173,59.2272,10.3264,5.76282,1.93205,1.46569,0.466356,7.1952,True,True
2021-01-11,3953,2444,537,280,94,73,28,241,27,280,61.8265,13.5846,7.08323,2.37794,1.8467,0.708323,6.09664,True,True
2021-01-12,4721,3315,745,428,145,95,48,261,46,428,70.2182,15.7806,9.06588,3.07138,2.01229,1.01673,5.52849,True,True
2021-01-13,4570,2990,665,398,134,92,36,263,34,398,65.4267,14.5514,8.70897,2.93217,2.01313,0.787746,5.75492,True,True
2021-01-14,4363,3268,684,469,162,124,54,271,49,469,74.9026,15.6773,10.7495,3.71304,2.84208,1.23768,6.21132,True,True
2021-01-15,3935,2981,572,383,133,98,47,259,42,383,75.756,14.5362,9.73316,3.37992,2.49047,1.19441,6.58196,True,True
2021-01-16,3177,1938,357,281,97,50,27,221,24,281,61.0009,11.237,8.84482,3.05319,1.57381,0.849858,6.95625,True,True
2021-01-17,2988,1566,301,193,66,47,14,201,12,193,52.4096,10.0736,6.45917,2.20884,1.57296,0.468541,6.72691,True,True
2021-01-18,3610,1829,388,221,75,44,19,204,18,221,50.6648,10.7479,6.12188,2.07756,1.21884,0.526316,5.65097,True,True
2021-01-19,4187,3933,713,469,158,124,49,271,45,469,93.9336,17.0289,11.2013,3.77358,2.96155,1.17029,6.47241,True,True
2021-01-20,4805,5548,925,804,275,233,96,420,84,804,115.463,19.2508,16.7326,5.7232,4.84912,1.99792,8.74089,True,True
2021-01-21,4687,4680,642,519,174,122,52,351,50,519,99.8507,13.6975,11.0732,3.7124,2.60294,1.10945,7.4888,True,True
2021-01-22,4089,4486,677,906,309,230,100,333,93,906,109.709,16.5566,22.157,7.55686,5.62485,2.44559,8.1438,True,True
2021-01-23,3132,2811,372,375,126,123,43,220,41,375,89.751,11.8774,11.9732,4.02299,3.9272,1.37292,7.02427,True,True
2021-01-24,2968,2610,473,397,136,74,36,232,34,397,87.938,15.9367,13.376,4.58221,2.49326,1.21294,7.81671,True,True
2021-01-25,3906,3269,480,462,158,115,61,310,53,462,83.6918,12.2888,11.828,4.04506,2.94419,1.5617,7.93651,True,True
2021-01-26,4089,3012,506,413,171,132,55,221,22,413,73.661,12.3747,10.1003,4.18195,3.22817,1.34507,5.40474,True,True
2021-01-27,4599,3813,575,524,223,142,54,323,12,524,82.9093,12.5027,11.3938,4.84888,3.08763,1.17417,7.02327,True,True
2021-01-28,4216,3321,478,325,151,136,69,211,5,325,78.7713,11.3378,7.70873,3.58159,3.22581,1.63662,5.00474,True,True
2021-01-29,3791,3242,486,421,193,143,54,268,6,421,85.5183,12.8198,11.1052,5.09101,3.77209,1.42443,7.06937,True,True
2021-01-30,2900,2375,369,261,106,62,31,211,5,261,81.8966,12.7241,9,3.65517,2.13793,1.06897,7.27586,True,True
2021-01-31,2841,1829,295,234,100,53,19,198,0,234,64.3787,10.3837,8.23654,3.51989,1.86554,0.668779,6.96938,True,True
